{"vs": [[255.0, 199.39905713898838, 55.52508548748739], [0.0, 189.1648269075765, 137.06939967003234], [202.30855022529747, 0.0, 209.46165882509393], [113.62434602103971, 86.93034958084681, 0.0]], "faces": [[[255.0, 199.39905713898838, 55.52508548748739], [113.62434602103971, 86.93034958084681, 0.0], [202.30855022529747, 0.0, 209.46165882509393]], [[113.62434602103971, 86.93034958084681, 0.0], [0.0, 189.1648269075765, 137.06939967003234], [202.30855022529747, 0.0, 209.46165882509393]], [[113.62434602103971, 86.93034958084681, 0.0], [255.0, 199.39905713898838, 55.52508548748739], [0.0, 189.1648269075765, 137.06939967003234]], [[0.0, 189.1648269075765, 137.06939967003234], [255.0, 199.39905713898838, 55.52508548748739], [202.30855022529747, 0.0, 209.46165882509393]]]}